record_type,campaign,ad_group,entity_id,status,scope,match_type,priority,text,final_url,utm_source,utm_medium,utm_campaign,utm_term,utm_content,instruction
campaign_setting,DRAFT | BA | Search | Missed Lead Recovery,,draft_state,DISABLED,campaign,,,DRAFT - DO NOT ENABLE,,,,,,,Offline specification only; no live account action is authorized
campaign_setting,DRAFT | BA | Search | Missed Lead Recovery,,budget_type,DISABLED,campaign,,,Campaign total budget,,,,,,,Use only when creating a new Search campaign; the budget type cannot be changed after creation
campaign_setting,DRAFT | BA | Search | Missed Lead Recovery,,budget,DISABLED,campaign,,,$100 USD total for full campaign,,,,,,,Hard billed-media cap for the 10-calendar-day flight; do not enter this as an average daily budget
campaign_setting,DRAFT | BA | Search | Missed Lead Recovery,,flight_duration,DISABLED,campaign,,,10 calendar days,,,,,,,The end date is the ninth calendar date after the start date
campaign_setting,DRAFT | BA | Search | Missed Lead Recovery,,campaign_type,DISABLED,campaign,,,Search,,,,,,,One controlled Search campaign
campaign_setting,DRAFT | BA | Search | Missed Lead Recovery,,networks,DISABLED,campaign,,,Google Search only,,,,,,,Keep Display Network and Search Partners off for the initial controlled test
campaign_setting,DRAFT | BA | Search | Missed Lead Recovery,,goal,DISABLED,campaign,,,Leads,,,,,,,Use only after conversion actions are verified
campaign_setting,DRAFT | BA | Search | Missed Lead Recovery,,target_locations,DISABLED,campaign,,,"Alameda County; Contra Costa County; Marin County; Napa County; San Francisco County; San Mateo County; Santa Clara County; Solano County; Sonoma County — California",,,,,,,Verify each supported geo target in the live account before use
campaign_setting,DRAFT | BA | Search | Missed Lead Recovery,,location_option,DISABLED,campaign,,,Presence: people in or regularly in targeted locations,,,,,,,Do not use the default Presence or Interest option
campaign_setting,DRAFT | BA | Search | Missed Lead Recovery,,language,DISABLED,campaign,,,English,,,,,,,Add another language only with a reviewed matching ad and landing experience
campaign_setting,DRAFT | BA | Search | Missed Lead Recovery,,bidding_strategy,DISABLED,campaign,,,UNSET,,,,,,,Choose only after the initial booking conversion and economics are verified
campaign_setting,DRAFT | BA | Search | Missed Lead Recovery,,start_date,DISABLED,campaign,,,UNSET — choose future date after final launch authorization,,,,,,,Never use Today while this pack remains disabled
campaign_setting,DRAFT | BA | Search | Missed Lead Recovery,,end_date,DISABLED,campaign,,,UNSET — start date + 9 calendar days; ends 23:59 account timezone,,,,,,,Do not extend the end date without new owner authorization
campaign_setting,DRAFT | BA | Search | Missed Lead Recovery,,ad_schedule,DISABLED,campaign,,,UNSET,,,,,,,Set only after response coverage and time-zone handling are confirmed
campaign_setting,DRAFT | BA | Search | Missed Lead Recovery,,auto_tagging,DISABLED,campaign,,,REVIEW REQUIRED,,,,,,,If later enabled let Google append genuine click IDs; never put one in this sheet
campaign_setting,DRAFT | BA | Search | Missed Lead Recovery,,auto_created_assets,DISABLED,campaign,,,OFF FOR CONTROLLED TEST,,,,,,,Review current account controls before any launch
keyword,DRAFT | BA | Search | Missed Lead Recovery,home_services,kw_hs_01e,HOLD_INTENT_MISMATCH,ad_group,exact,,contractor website lead follow up,,,,,,,Preserved draft; unnatural query for a $100 buyer-intent test
keyword,DRAFT | BA | Search | Missed Lead Recovery,home_services,kw_hs_01p,HOLD_INTENT_MISMATCH,ad_group,phrase,,contractor website lead follow up,,,,,,,Preserved draft; unnatural query for a $100 buyer-intent test
keyword,DRAFT | BA | Search | Missed Lead Recovery,home_services,kw_hs_02e,DISABLED,ad_group,exact,,contractor website design,,,,,,,Contractor-owner intent hypothesis
keyword,DRAFT | BA | Search | Missed Lead Recovery,home_services,kw_hs_02p,DISABLED,ad_group,phrase,,contractor website design,,,,,,,Contractor-owner intent hypothesis
keyword,DRAFT | BA | Search | Missed Lead Recovery,home_services,kw_hs_03e,HOLD_INTENT_MISMATCH,ad_group,exact,,contractor estimate request website,,,,,,,Preserved draft; likely DIY or software intent
keyword,DRAFT | BA | Search | Missed Lead Recovery,home_services,kw_hs_03p,HOLD_INTENT_MISMATCH,ad_group,phrase,,contractor estimate request website,,,,,,,Preserved draft; likely DIY or software intent
keyword,DRAFT | BA | Search | Missed Lead Recovery,home_services,kw_hs_04e,DISABLED,ad_group,exact,,home service website design,,,,,,,Contractor-owner intent hypothesis
keyword,DRAFT | BA | Search | Missed Lead Recovery,home_services,kw_hs_04p,DISABLED,ad_group,phrase,,home service website design,,,,,,,Contractor-owner intent hypothesis
keyword,DRAFT | BA | Search | Missed Lead Recovery,home_services,kw_hs_05e,HOLD_INTENT_MISMATCH,ad_group,exact,,contractor quote request form,,,,,,,Preserved draft; likely form-template intent
keyword,DRAFT | BA | Search | Missed Lead Recovery,home_services,kw_hs_05p,HOLD_INTENT_MISMATCH,ad_group,phrase,,contractor quote request form,,,,,,,Preserved draft; likely form-template intent
keyword,DRAFT | BA | Search | Missed Lead Recovery,home_services,kw_hs_06e,HOLD_INTENT_MISMATCH,ad_group,exact,,contractor lead follow up system,,,,,,,Preserved draft; likely software research intent
keyword,DRAFT | BA | Search | Missed Lead Recovery,home_services,kw_hs_06p,HOLD_INTENT_MISMATCH,ad_group,phrase,,contractor lead follow up system,,,,,,,Preserved draft; likely software research intent
keyword,DRAFT | BA | Search | Missed Lead Recovery,home_services,kw_hs_07e,DISABLED,ad_group,exact,,contractor web design,,,,,,,Natural service-buyer intent
keyword,DRAFT | BA | Search | Missed Lead Recovery,home_services,kw_hs_07p,DISABLED,ad_group,phrase,,contractor web design,,,,,,,Natural service-buyer intent
keyword,DRAFT | BA | Search | Missed Lead Recovery,home_services,kw_hs_08e,DISABLED,ad_group,exact,,website design for contractors,,,,,,,Natural service-buyer intent
keyword,DRAFT | BA | Search | Missed Lead Recovery,home_services,kw_hs_08p,DISABLED,ad_group,phrase,,website design for contractors,,,,,,,Natural service-buyer intent
keyword,DRAFT | BA | Search | Missed Lead Recovery,auto_repair,kw_ar_01e,HOLD_PRODUCT_MISMATCH,ad_group,exact,,auto repair lead follow up,,,,,,,Shop-owner intent hypothesis
keyword,DRAFT | BA | Search | Missed Lead Recovery,auto_repair,kw_ar_01p,HOLD_PRODUCT_MISMATCH,ad_group,phrase,,auto repair lead follow up,,,,,,,Shop-owner intent hypothesis
keyword,DRAFT | BA | Search | Missed Lead Recovery,auto_repair,kw_ar_02e,HOLD_PRODUCT_MISMATCH,ad_group,exact,,auto shop inquiry automation,,,,,,,Shop-owner intent hypothesis
keyword,DRAFT | BA | Search | Missed Lead Recovery,auto_repair,kw_ar_02p,HOLD_PRODUCT_MISMATCH,ad_group,phrase,,auto shop inquiry automation,,,,,,,Shop-owner intent hypothesis
keyword,DRAFT | BA | Search | Missed Lead Recovery,auto_repair,kw_ar_03e,HOLD_PRODUCT_MISMATCH,ad_group,exact,,auto repair crm automation,,,,,,,Shop-owner intent hypothesis
keyword,DRAFT | BA | Search | Missed Lead Recovery,auto_repair,kw_ar_03p,HOLD_PRODUCT_MISMATCH,ad_group,phrase,,auto repair crm automation,,,,,,,Shop-owner intent hypothesis
keyword,DRAFT | BA | Search | Missed Lead Recovery,auto_repair,kw_ar_04e,HOLD_PRODUCT_MISMATCH,ad_group,exact,,auto shop missed call system,,,,,,,Shop-owner intent hypothesis
keyword,DRAFT | BA | Search | Missed Lead Recovery,auto_repair,kw_ar_04p,HOLD_PRODUCT_MISMATCH,ad_group,phrase,,auto shop missed call system,,,,,,,Shop-owner intent hypothesis
keyword,DRAFT | BA | Search | Missed Lead Recovery,auto_repair,kw_ar_05e,HOLD_PRODUCT_MISMATCH,ad_group,exact,,service advisor lead follow up,,,,,,,Shop-owner intent hypothesis
keyword,DRAFT | BA | Search | Missed Lead Recovery,auto_repair,kw_ar_05p,HOLD_PRODUCT_MISMATCH,ad_group,phrase,,service advisor lead follow up,,,,,,,Shop-owner intent hypothesis
keyword,DRAFT | BA | Search | Missed Lead Recovery,auto_repair,kw_ar_06e,HOLD_PRODUCT_MISMATCH,ad_group,exact,,auto shop customer follow up,,,,,,,Shop-owner intent hypothesis
keyword,DRAFT | BA | Search | Missed Lead Recovery,auto_repair,kw_ar_06p,HOLD_PRODUCT_MISMATCH,ad_group,phrase,,auto shop customer follow up,,,,,,,Shop-owner intent hypothesis
keyword,DRAFT | BA | Search | Missed Lead Recovery,restaurant_food,kw_rf_01e,HOLD_PRODUCT_MISMATCH,ad_group,exact,,restaurant catering inquiry system,,,,,,,Manager-owner intent hypothesis
keyword,DRAFT | BA | Search | Missed Lead Recovery,restaurant_food,kw_rf_01p,HOLD_PRODUCT_MISMATCH,ad_group,phrase,,restaurant catering inquiry system,,,,,,,Manager-owner intent hypothesis
keyword,DRAFT | BA | Search | Missed Lead Recovery,restaurant_food,kw_rf_02e,HOLD_PRODUCT_MISMATCH,ad_group,exact,,catering lead follow up,,,,,,,Manager-owner intent hypothesis
keyword,DRAFT | BA | Search | Missed Lead Recovery,restaurant_food,kw_rf_02p,HOLD_PRODUCT_MISMATCH,ad_group,phrase,,catering lead follow up,,,,,,,Manager-owner intent hypothesis
keyword,DRAFT | BA | Search | Missed Lead Recovery,restaurant_food,kw_rf_03e,HOLD_PRODUCT_MISMATCH,ad_group,exact,,private event inquiry software,,,,,,,Manager-owner intent hypothesis
keyword,DRAFT | BA | Search | Missed Lead Recovery,restaurant_food,kw_rf_03p,HOLD_PRODUCT_MISMATCH,ad_group,phrase,,private event inquiry software,,,,,,,Manager-owner intent hypothesis
keyword,DRAFT | BA | Search | Missed Lead Recovery,restaurant_food,kw_rf_04e,HOLD_PRODUCT_MISMATCH,ad_group,exact,,restaurant inquiry automation,,,,,,,Manager-owner intent hypothesis
keyword,DRAFT | BA | Search | Missed Lead Recovery,restaurant_food,kw_rf_04p,HOLD_PRODUCT_MISMATCH,ad_group,phrase,,restaurant inquiry automation,,,,,,,Manager-owner intent hypothesis
keyword,DRAFT | BA | Search | Missed Lead Recovery,restaurant_food,kw_rf_05e,HOLD_PRODUCT_MISMATCH,ad_group,exact,,catering inquiry follow up,,,,,,,Manager-owner intent hypothesis
keyword,DRAFT | BA | Search | Missed Lead Recovery,restaurant_food,kw_rf_05p,HOLD_PRODUCT_MISMATCH,ad_group,phrase,,catering inquiry follow up,,,,,,,Manager-owner intent hypothesis
keyword,DRAFT | BA | Search | Missed Lead Recovery,restaurant_food,kw_rf_06e,HOLD_PRODUCT_MISMATCH,ad_group,exact,,restaurant event lead management,,,,,,,Manager-owner intent hypothesis
keyword,DRAFT | BA | Search | Missed Lead Recovery,restaurant_food,kw_rf_06p,HOLD_PRODUCT_MISMATCH,ad_group,phrase,,restaurant event lead management,,,,,,,Manager-owner intent hypothesis
negative,DRAFT | BA | Search | Missed Lead Recovery,,neg_001,DISABLED,campaign,broad,,job,,,,,,,Employment intent
negative,DRAFT | BA | Search | Missed Lead Recovery,,neg_002,DISABLED,campaign,broad,,jobs,,,,,,,Employment intent
negative,DRAFT | BA | Search | Missed Lead Recovery,,neg_003,DISABLED,campaign,broad,,career,,,,,,,Employment intent
negative,DRAFT | BA | Search | Missed Lead Recovery,,neg_004,DISABLED,campaign,broad,,careers,,,,,,,Employment intent
negative,DRAFT | BA | Search | Missed Lead Recovery,,neg_005,DISABLED,campaign,broad,,hiring,,,,,,,Employment intent
negative,DRAFT | BA | Search | Missed Lead Recovery,,neg_006,DISABLED,campaign,broad,,salary,,,,,,,Employment intent
negative,DRAFT | BA | Search | Missed Lead Recovery,,neg_007,DISABLED,campaign,broad,,salaries,,,,,,,Employment intent
negative,DRAFT | BA | Search | Missed Lead Recovery,,neg_008,DISABLED,campaign,broad,,wage,,,,,,,Employment intent
negative,DRAFT | BA | Search | Missed Lead Recovery,,neg_009,DISABLED,campaign,broad,,internship,,,,,,,Employment intent
negative,DRAFT | BA | Search | Missed Lead Recovery,,neg_010,DISABLED,campaign,broad,,resume,,,,,,,Employment intent
negative,DRAFT | BA | Search | Missed Lead Recovery,,neg_011,DISABLED,campaign,broad,,certification,,,,,,,Education intent
negative,DRAFT | BA | Search | Missed Lead Recovery,,neg_012,DISABLED,campaign,broad,,course,,,,,,,Education intent
negative,DRAFT | BA | Search | Missed Lead Recovery,,neg_013,DISABLED,campaign,broad,,training,,,,,,,Education intent
negative,DRAFT | BA | Search | Missed Lead Recovery,,neg_014,DISABLED,campaign,broad,,school,,,,,,,Education intent
negative,DRAFT | BA | Search | Missed Lead Recovery,,neg_015,DISABLED,campaign,broad,,degree,,,,,,,Education intent
negative,DRAFT | BA | Search | Missed Lead Recovery,,neg_016,DISABLED,campaign,broad,,free,,,,,,,Non-commercial research intent
negative,DRAFT | BA | Search | Missed Lead Recovery,,neg_017,DISABLED,campaign,broad,,template,,,,,,,DIY intent
negative,DRAFT | BA | Search | Missed Lead Recovery,,neg_018,DISABLED,campaign,broad,,templates,,,,,,,DIY intent
negative,DRAFT | BA | Search | Missed Lead Recovery,,neg_019,DISABLED,campaign,broad,,tutorial,,,,,,,DIY intent
negative,DRAFT | BA | Search | Missed Lead Recovery,,neg_020,DISABLED,campaign,broad,,guide,,,,,,,DIY intent
negative,DRAFT | BA | Search | Missed Lead Recovery,,neg_021,DISABLED,campaign,broad,,pdf,,,,,,,Research intent
negative,DRAFT | BA | Search | Missed Lead Recovery,,neg_022,DISABLED,campaign,broad,,download,,,,,,,Research intent
negative,DRAFT | BA | Search | Missed Lead Recovery,,neg_023,DISABLED,campaign,broad,,github,,,,,,,Developer research intent
negative,DRAFT | BA | Search | Missed Lead Recovery,,neg_024,DISABLED,campaign,broad,,reddit,,,,,,,Research intent
negative,DRAFT | BA | Search | Missed Lead Recovery,,neg_025,DISABLED,campaign,phrase,,how to,,,,,,,DIY intent
negative,DRAFT | BA | Search | Missed Lead Recovery,,neg_026,DISABLED,campaign,phrase,,do it yourself,,,,,,,DIY intent
negative,DRAFT | BA | Search | Missed Lead Recovery,,neg_027,HOLD_INTENT_MISMATCH,campaign,phrase,,near me,,,,,,,Preserved draft; do not apply because local B2B website intent can include this phrase
negative,DRAFT | BA | Search | Missed Lead Recovery,,neg_028,DISABLED,campaign,phrase,,buy leads,,,,,,,Outside offer
negative,DRAFT | BA | Search | Missed Lead Recovery,,neg_029,DISABLED,campaign,phrase,,lead list,,,,,,,Outside offer
negative,DRAFT | BA | Search | Missed Lead Recovery,,neg_030,DISABLED,campaign,phrase,,lead generation,,,,,,,Outside offer
negative,DRAFT | BA | Search | Missed Lead Recovery,,neg_031,DISABLED,campaign,phrase,,advertising agency,,,,,,,Outside offer
negative,DRAFT | BA | Search | Missed Lead Recovery,,neg_032,DISABLED,campaign,phrase,,marketing agency,,,,,,,Outside offer
negative,DRAFT | BA | Search | Missed Lead Recovery,,neg_033,DISABLED,campaign,phrase,,google ads,,,,,,,Outside offer
negative,DRAFT | BA | Search | Missed Lead Recovery,,neg_034,DISABLED,campaign,phrase,,facebook ads,,,,,,,Outside offer
negative,DRAFT | BA | Search | Missed Lead Recovery,,neg_035,DISABLED,campaign,phrase,,answering service,,,,,,,Outside offer
negative,DRAFT | BA | Search | Missed Lead Recovery,,neg_036,DISABLED,campaign,phrase,,call center,,,,,,,Outside offer
negative,DRAFT | BA | Search | Missed Lead Recovery,,neg_037,DISABLED,campaign,phrase,,virtual receptionist,,,,,,,Outside offer
negative,DRAFT | BA | Search | Missed Lead Recovery,,neg_038,DISABLED,campaign,broad,,telemarketing,,,,,,,Outside offer
negative,DRAFT | BA | Search | Missed Lead Recovery,,neg_039,DISABLED,campaign,phrase,,book a table,,,,,,,Consumer restaurant intent
negative,DRAFT | BA | Search | Missed Lead Recovery,,neg_040,DISABLED,campaign,phrase,,make a reservation,,,,,,,Consumer restaurant intent
negative,DRAFT | BA | Search | Missed Lead Recovery,,neg_041,DISABLED,campaign,phrase,,oil change,,,,,,,Consumer auto intent
negative,DRAFT | BA | Search | Missed Lead Recovery,,neg_042,DISABLED,campaign,phrase,,car repair,,,,,,,Consumer auto intent
negative,DRAFT | BA | Search | Missed Lead Recovery,,neg_043,HOLD_INTENT_MISMATCH,campaign,phrase,,home repair,,,,,,,Preserved draft; do not apply because legitimate contractor website searches can include this phrase
negative,DRAFT | BA | Search | Missed Lead Recovery,,neg_044,DISABLED,campaign,phrase,,catering near me,,,,,,,Consumer catering intent
negative,DRAFT | BA | Search | Missed Lead Recovery,,neg_045,HOLD_INTENT_MISMATCH,campaign,phrase,,emergency service,,,,,,,Preserved draft; do not apply because legitimate contractor website searches can include this phrase
negative,DRAFT | BA | Search | Missed Lead Recovery,,neg_046,DISABLED,campaign,broad,,login,,,,,,,Existing-user support intent
negative,DRAFT | BA | Search | Missed Lead Recovery,home_services,neg_hs_01,DISABLED,ad_group,phrase,,auto repair,,,,,,,Keep niche intent separated
negative,DRAFT | BA | Search | Missed Lead Recovery,home_services,neg_hs_02,DISABLED,ad_group,broad,,restaurant,,,,,,,Keep niche intent separated
negative,DRAFT | BA | Search | Missed Lead Recovery,home_services,neg_hs_03,DISABLED,ad_group,broad,,catering,,,,,,,Keep niche intent separated
negative,DRAFT | BA | Search | Missed Lead Recovery,auto_repair,neg_ar_01,HOLD_PRODUCT_MISMATCH,ad_group,broad,,contractor,,,,,,,Keep niche intent separated
negative,DRAFT | BA | Search | Missed Lead Recovery,auto_repair,neg_ar_02,HOLD_PRODUCT_MISMATCH,ad_group,phrase,,home service,,,,,,,Keep niche intent separated
negative,DRAFT | BA | Search | Missed Lead Recovery,auto_repair,neg_ar_03,HOLD_PRODUCT_MISMATCH,ad_group,broad,,restaurant,,,,,,,Keep niche intent separated
negative,DRAFT | BA | Search | Missed Lead Recovery,auto_repair,neg_ar_04,HOLD_PRODUCT_MISMATCH,ad_group,broad,,catering,,,,,,,Keep niche intent separated
negative,DRAFT | BA | Search | Missed Lead Recovery,restaurant_food,neg_rf_01,HOLD_PRODUCT_MISMATCH,ad_group,broad,,contractor,,,,,,,Keep niche intent separated
negative,DRAFT | BA | Search | Missed Lead Recovery,restaurant_food,neg_rf_02,HOLD_PRODUCT_MISMATCH,ad_group,phrase,,home service,,,,,,,Keep niche intent separated
negative,DRAFT | BA | Search | Missed Lead Recovery,restaurant_food,neg_rf_03,HOLD_PRODUCT_MISMATCH,ad_group,phrase,,auto repair,,,,,,,Keep niche intent separated
rsa_headline,DRAFT | BA | Search | Missed Lead Recovery,home_services,hs_rsa_a,DISABLED,ad_group,,H01,Contractor Website Design,,,,,,,Unpinned draft asset
rsa_headline,DRAFT | BA | Search | Missed Lead Recovery,home_services,hs_rsa_a,DISABLED,ad_group,,H02,Website + Lead Follow-Up,,,,,,,Unpinned draft asset
rsa_headline,DRAFT | BA | Search | Missed Lead Recovery,home_services,hs_rsa_a,DISABLED,ad_group,,H03,For Bay Area Contractors,,,,,,,Unpinned draft asset
rsa_headline,DRAFT | BA | Search | Missed Lead Recovery,home_services,hs_rsa_a,DISABLED,ad_group,,H04,Make Estimate Requests Easier,,,,,,,Unpinned draft asset
rsa_headline,DRAFT | BA | Search | Missed Lead Recovery,home_services,hs_rsa_a,DISABLED,ad_group,,H05,Know Which Leads Need A Reply,,,,,,,Unpinned draft asset
rsa_headline,DRAFT | BA | Search | Missed Lead Recovery,home_services,hs_rsa_a,DISABLED,ad_group,,H06,"Fixed Scope From $1,500",,,,,,,Unpinned draft asset
rsa_headline,DRAFT | BA | Search | Missed Lead Recovery,home_services,hs_rsa_a,DISABLED,ad_group,,H07,Work Directly With Leon,,,,,,,Unpinned draft asset
rsa_headline,DRAFT | BA | Search | Missed Lead Recovery,home_services,hs_rsa_a,DISABLED,ad_group,,H08,10-Business-Day Build,,,,,,,Unpinned draft asset
rsa_headline,DRAFT | BA | Search | Missed Lead Recovery,home_services,hs_rsa_a,DISABLED,ad_group,,H09,Mobile-Friendly Estimate Form,,,,,,,Unpinned draft asset
rsa_headline,DRAFT | BA | Search | Missed Lead Recovery,home_services,hs_rsa_a,DISABLED,ad_group,,H10,Get A Free 3-Point Review,,,,,,,Unpinned draft asset
rsa_description,DRAFT | BA | Search | Missed Lead Recovery,home_services,hs_rsa_a,DISABLED,ad_group,,D01,"A focused contractor site, estimate form and follow-up flow built around your team.",,,,,,,Unpinned draft asset
rsa_description,DRAFT | BA | Search | Missed Lead Recovery,home_services,hs_rsa_a,DISABLED,ad_group,,D02,"Turn a generic contact form into a clear estimate request and follow-up process.",,,,,,,Unpinned draft asset
rsa_description,DRAFT | BA | Search | Missed Lead Recovery,home_services,hs_rsa_a,DISABLED,ad_group,,D03,"Fixed scope from $1,500. Built in 10 business days after scope and access are ready.",,,,,,,Unpinned draft asset
rsa_description,DRAFT | BA | Search | Missed Lead Recovery,home_services,hs_rsa_a,DISABLED,ad_group,,D04,"Work directly with Leon. Get three specific observations about your current website.",,,,,,,Unpinned draft asset
rsa_url,DRAFT | BA | Search | Missed Lead Recovery,home_services,hs_rsa_a,DISABLED,ad_group,,FINAL_URL,,https://leonbuilds.org/?utm_source=google&utm_medium=cpc&utm_campaign=ba-missed-lead-recovery-v1&utm_term=home_services&utm_content=search-hs-rsa-a,google,cpc,ba-missed-lead-recovery-v1,home_services,search-hs-rsa-a,No click-ID parameter; platform auto-tagging may append a genuine value later
rsa_headline,DRAFT | BA | Search | Missed Lead Recovery,home_services,hs_rsa_b,HOLD_COPY_MISMATCH,ad_group,,H01,Contractor Website + Leads,,,,,,,Preserved draft; implies lead supply and is not eligible
rsa_headline,DRAFT | BA | Search | Missed Lead Recovery,home_services,hs_rsa_b,HOLD_COPY_MISMATCH,ad_group,,H02,Built-In Lead Follow-Up,,,,,,,Preserved alternative RSA
rsa_headline,DRAFT | BA | Search | Missed Lead Recovery,home_services,hs_rsa_b,HOLD_COPY_MISMATCH,ad_group,,H03,Phone-First Estimate Form,,,,,,,Preserved alternative RSA
rsa_headline,DRAFT | BA | Search | Missed Lead Recovery,home_services,hs_rsa_b,HOLD_COPY_MISMATCH,ad_group,,H04,Prompt Inquiry Acknowledgment,,,,,,,Preserved draft; internal language
rsa_headline,DRAFT | BA | Search | Missed Lead Recovery,home_services,hs_rsa_b,HOLD_COPY_MISMATCH,ad_group,,H05,Written Fixed Quote First,,,,,,,Preserved alternative RSA
rsa_headline,DRAFT | BA | Search | Missed Lead Recovery,home_services,hs_rsa_b,HOLD_COPY_MISMATCH,ad_group,,H06,30 Days Of Scoped Fixes,,,,,,,Preserved alternative RSA
rsa_headline,DRAFT | BA | Search | Missed Lead Recovery,home_services,hs_rsa_b,HOLD_COPY_MISMATCH,ad_group,,H07,See The Workflow Clearly,,,,,,,Preserved draft; internal language
rsa_headline,DRAFT | BA | Search | Missed Lead Recovery,home_services,hs_rsa_b,HOLD_COPY_MISMATCH,ad_group,,H08,Book A 15-Min Fit Check,,,,,,,Preserved draft; seller-centered CTA
rsa_description,DRAFT | BA | Search | Missed Lead Recovery,home_services,hs_rsa_b,HOLD_COPY_MISMATCH,ad_group,,D01,"A focused site, estimate intake, up to two follow-ups and a clear human handoff.",,,,,,,Preserved alternative RSA
rsa_description,DRAFT | BA | Search | Missed Lead Recovery,home_services,hs_rsa_b,HOLD_COPY_MISMATCH,ad_group,,D02,"Leon builds the agreed flow in 10 business days after scope and access are ready.",,,,,,,Preserved alternative RSA
rsa_description,DRAFT | BA | Search | Missed Lead Recovery,home_services,hs_rsa_b,HOLD_COPY_MISMATCH,ad_group,,D03,"See received, sent, replied and handed-off events in one basic log.",,,,,,,Preserved alternative RSA
rsa_url,DRAFT | BA | Search | Missed Lead Recovery,home_services,hs_rsa_b,HOLD_COPY_MISMATCH,ad_group,,FINAL_URL,,https://leonbuilds.org/?utm_source=google&utm_medium=cpc&utm_campaign=ba-missed-lead-recovery-v1&utm_term=home_services&utm_content=search-hs-rsa-b,google,cpc,ba-missed-lead-recovery-v1,home_services,search-hs-rsa-b,Preserved alternative RSA; do not build or enable
rsa_headline,DRAFT | BA | Search | Missed Lead Recovery,auto_repair,ar_rsa_a,HOLD_PRODUCT_MISMATCH,ad_group,,H01,Auto Shop Lead Follow-Up,,,,,,,Unpinned draft asset
rsa_headline,DRAFT | BA | Search | Missed Lead Recovery,auto_repair,ar_rsa_a,HOLD_PRODUCT_MISMATCH,ad_group,,H02,Missed Call Workflow,,,,,,,Unpinned draft asset
rsa_headline,DRAFT | BA | Search | Missed Lead Recovery,auto_repair,ar_rsa_a,HOLD_PRODUCT_MISMATCH,ad_group,,H03,Route Service Inquiries,,,,,,,Unpinned draft asset
rsa_headline,DRAFT | BA | Search | Missed Lead Recovery,auto_repair,ar_rsa_a,HOLD_PRODUCT_MISMATCH,ad_group,,H04,One Clear Advisor Handoff,,,,,,,Unpinned draft asset
rsa_headline,DRAFT | BA | Search | Missed Lead Recovery,auto_repair,ar_rsa_a,HOLD_PRODUCT_MISMATCH,ad_group,,H05,10-Business-Day Sprint,,,,,,,Unpinned draft asset
rsa_headline,DRAFT | BA | Search | Missed Lead Recovery,auto_repair,ar_rsa_a,HOLD_PRODUCT_MISMATCH,ad_group,,H06,Built Directly By Leon,,,,,,,Unpinned draft asset
rsa_headline,DRAFT | BA | Search | Missed Lead Recovery,auto_repair,ar_rsa_a,HOLD_PRODUCT_MISMATCH,ad_group,,H07,"Fixed Scope From $1,500",,,,,,,Unpinned draft asset
rsa_headline,DRAFT | BA | Search | Missed Lead Recovery,auto_repair,ar_rsa_a,HOLD_PRODUCT_MISMATCH,ad_group,,H08,Bay Area Auto Shop Systems,,,,,,,Unpinned draft asset
rsa_description,DRAFT | BA | Search | Missed Lead Recovery,auto_repair,ar_rsa_a,HOLD_PRODUCT_MISMATCH,ad_group,,D01,"Connect one service-inquiry source to acknowledgment, follow-up and advisor handoff.",,,,,,,Unpinned draft asset
rsa_description,DRAFT | BA | Search | Missed Lead Recovery,auto_repair,ar_rsa_a,HOLD_PRODUCT_MISMATCH,ad_group,,D02,"Starting scope is $1,500 after a compatibility check and written fixed quote.",,,,,,,Unpinned draft asset
rsa_description,DRAFT | BA | Search | Missed Lead Recovery,auto_repair,ar_rsa_a,HOLD_PRODUCT_MISMATCH,ad_group,,D03,"For Bay Area auto shops. No promise of leads, bookings or revenue. Book a fit check.",,,,,,,Unpinned draft asset
rsa_url,DRAFT | BA | Search | Missed Lead Recovery,auto_repair,ar_rsa_a,HOLD_PRODUCT_MISMATCH,ad_group,,FINAL_URL,,https://leonbuilds.org/?utm_source=google&utm_medium=cpc&utm_campaign=ba-missed-lead-recovery-v1&utm_term=auto_repair&utm_content=search-ar-rsa-a,google,cpc,ba-missed-lead-recovery-v1,auto_repair,search-ar-rsa-a,No click-ID parameter; platform auto-tagging may append a genuine value later
rsa_headline,DRAFT | BA | Search | Missed Lead Recovery,auto_repair,ar_rsa_b,HOLD_PRODUCT_MISMATCH,ad_group,,H01,Auto Repair Inquiry System,,,,,,,Unpinned draft asset
rsa_headline,DRAFT | BA | Search | Missed Lead Recovery,auto_repair,ar_rsa_b,HOLD_PRODUCT_MISMATCH,ad_group,,H02,Auto Shop Follow-Up Process,,,,,,,Unpinned draft asset
rsa_headline,DRAFT | BA | Search | Missed Lead Recovery,auto_repair,ar_rsa_b,HOLD_PRODUCT_MISMATCH,ad_group,,H03,Connect Your Existing Tools,,,,,,,Unpinned draft asset
rsa_headline,DRAFT | BA | Search | Missed Lead Recovery,auto_repair,ar_rsa_b,HOLD_PRODUCT_MISMATCH,ad_group,,H04,Prompt Inquiry Acknowledgment,,,,,,,Unpinned draft asset
rsa_headline,DRAFT | BA | Search | Missed Lead Recovery,auto_repair,ar_rsa_b,HOLD_PRODUCT_MISMATCH,ad_group,,H05,Written Fixed Quote First,,,,,,,Unpinned draft asset
rsa_headline,DRAFT | BA | Search | Missed Lead Recovery,auto_repair,ar_rsa_b,HOLD_PRODUCT_MISMATCH,ad_group,,H06,30 Days Of Scoped Fixes,,,,,,,Unpinned draft asset
rsa_headline,DRAFT | BA | Search | Missed Lead Recovery,auto_repair,ar_rsa_b,HOLD_PRODUCT_MISMATCH,ad_group,,H07,See The Workflow Clearly,,,,,,,Unpinned draft asset
rsa_headline,DRAFT | BA | Search | Missed Lead Recovery,auto_repair,ar_rsa_b,HOLD_PRODUCT_MISMATCH,ad_group,,H08,Book A 15-Min Fit Check,,,,,,,Unpinned draft asset
rsa_description,DRAFT | BA | Search | Missed Lead Recovery,auto_repair,ar_rsa_b,HOLD_PRODUCT_MISMATCH,ad_group,,D01,"Use an existing form, compatible missed-call event or shared inquiry inbox.",,,,,,,Unpinned draft asset
rsa_description,DRAFT | BA | Search | Missed Lead Recovery,auto_repair,ar_rsa_b,HOLD_PRODUCT_MISMATCH,ad_group,,D02,"Leon builds the agreed flow in 10 business days after scope and access are ready.",,,,,,,Unpinned draft asset
rsa_description,DRAFT | BA | Search | Missed Lead Recovery,auto_repair,ar_rsa_b,HOLD_PRODUCT_MISMATCH,ad_group,,D03,"See received, sent, replied and handed-off events in one basic log.",,,,,,,Unpinned draft asset
rsa_url,DRAFT | BA | Search | Missed Lead Recovery,auto_repair,ar_rsa_b,HOLD_PRODUCT_MISMATCH,ad_group,,FINAL_URL,,https://leonbuilds.org/?utm_source=google&utm_medium=cpc&utm_campaign=ba-missed-lead-recovery-v1&utm_term=auto_repair&utm_content=search-ar-rsa-b,google,cpc,ba-missed-lead-recovery-v1,auto_repair,search-ar-rsa-b,No click-ID parameter; platform auto-tagging may append a genuine value later
rsa_headline,DRAFT | BA | Search | Missed Lead Recovery,restaurant_food,rf_rsa_a,HOLD_PRODUCT_MISMATCH,ad_group,,H01,Catering Lead Follow-Up,,,,,,,Unpinned draft asset
rsa_headline,DRAFT | BA | Search | Missed Lead Recovery,restaurant_food,rf_rsa_a,HOLD_PRODUCT_MISMATCH,ad_group,,H02,Private Event Inquiries,,,,,,,Unpinned draft asset
rsa_headline,DRAFT | BA | Search | Missed Lead Recovery,restaurant_food,rf_rsa_a,HOLD_PRODUCT_MISMATCH,ad_group,,H03,Missed Inquiry Workflow,,,,,,,Unpinned draft asset
rsa_headline,DRAFT | BA | Search | Missed Lead Recovery,restaurant_food,rf_rsa_a,HOLD_PRODUCT_MISMATCH,ad_group,,H04,One Clear Manager Handoff,,,,,,,Unpinned draft asset
rsa_headline,DRAFT | BA | Search | Missed Lead Recovery,restaurant_food,rf_rsa_a,HOLD_PRODUCT_MISMATCH,ad_group,,H05,10-Business-Day Sprint,,,,,,,Unpinned draft asset
rsa_headline,DRAFT | BA | Search | Missed Lead Recovery,restaurant_food,rf_rsa_a,HOLD_PRODUCT_MISMATCH,ad_group,,H06,Built Directly By Leon,,,,,,,Unpinned draft asset
rsa_headline,DRAFT | BA | Search | Missed Lead Recovery,restaurant_food,rf_rsa_a,HOLD_PRODUCT_MISMATCH,ad_group,,H07,"Fixed Scope From $1,500",,,,,,,Unpinned draft asset
rsa_headline,DRAFT | BA | Search | Missed Lead Recovery,restaurant_food,rf_rsa_a,HOLD_PRODUCT_MISMATCH,ad_group,,H08,Bay Area Restaurant Systems,,,,,,,Unpinned draft asset
rsa_description,DRAFT | BA | Search | Missed Lead Recovery,restaurant_food,rf_rsa_a,HOLD_PRODUCT_MISMATCH,ad_group,,D01,"Connect one catering or private-event source to follow-up and a manager handoff.",,,,,,,Unpinned draft asset
rsa_description,DRAFT | BA | Search | Missed Lead Recovery,restaurant_food,rf_rsa_a,HOLD_PRODUCT_MISMATCH,ad_group,,D02,"Starting scope is $1,500 after a compatibility check and written fixed quote.",,,,,,,Unpinned draft asset
rsa_description,DRAFT | BA | Search | Missed Lead Recovery,restaurant_food,rf_rsa_a,HOLD_PRODUCT_MISMATCH,ad_group,,D03,"For Bay Area restaurants. No promise of leads, bookings or revenue. Book a fit check.",,,,,,,Unpinned draft asset
rsa_url,DRAFT | BA | Search | Missed Lead Recovery,restaurant_food,rf_rsa_a,HOLD_PRODUCT_MISMATCH,ad_group,,FINAL_URL,,https://leonbuilds.org/?utm_source=google&utm_medium=cpc&utm_campaign=ba-missed-lead-recovery-v1&utm_term=restaurant_food&utm_content=search-rf-rsa-a,google,cpc,ba-missed-lead-recovery-v1,restaurant_food,search-rf-rsa-a,No click-ID parameter; platform auto-tagging may append a genuine value later
rsa_headline,DRAFT | BA | Search | Missed Lead Recovery,restaurant_food,rf_rsa_b,HOLD_PRODUCT_MISMATCH,ad_group,,H01,Restaurant Inquiry System,,,,,,,Unpinned draft asset
rsa_headline,DRAFT | BA | Search | Missed Lead Recovery,restaurant_food,rf_rsa_b,HOLD_PRODUCT_MISMATCH,ad_group,,H02,Catering Follow-Up Process,,,,,,,Unpinned draft asset
rsa_headline,DRAFT | BA | Search | Missed Lead Recovery,restaurant_food,rf_rsa_b,HOLD_PRODUCT_MISMATCH,ad_group,,H03,Connect Your Existing Tools,,,,,,,Unpinned draft asset
rsa_headline,DRAFT | BA | Search | Missed Lead Recovery,restaurant_food,rf_rsa_b,HOLD_PRODUCT_MISMATCH,ad_group,,H04,Prompt Inquiry Acknowledgment,,,,,,,Unpinned draft asset
rsa_headline,DRAFT | BA | Search | Missed Lead Recovery,restaurant_food,rf_rsa_b,HOLD_PRODUCT_MISMATCH,ad_group,,H05,Written Fixed Quote First,,,,,,,Unpinned draft asset
rsa_headline,DRAFT | BA | Search | Missed Lead Recovery,restaurant_food,rf_rsa_b,HOLD_PRODUCT_MISMATCH,ad_group,,H06,30 Days Of Scoped Fixes,,,,,,,Unpinned draft asset
rsa_headline,DRAFT | BA | Search | Missed Lead Recovery,restaurant_food,rf_rsa_b,HOLD_PRODUCT_MISMATCH,ad_group,,H07,See The Workflow Clearly,,,,,,,Unpinned draft asset
rsa_headline,DRAFT | BA | Search | Missed Lead Recovery,restaurant_food,rf_rsa_b,HOLD_PRODUCT_MISMATCH,ad_group,,H08,Book A 15-Min Fit Check,,,,,,,Unpinned draft asset
rsa_description,DRAFT | BA | Search | Missed Lead Recovery,restaurant_food,rf_rsa_b,HOLD_PRODUCT_MISMATCH,ad_group,,D01,"Use one existing catering or private-event inquiry path and the tools you already have.",,,,,,,Unpinned draft asset
rsa_description,DRAFT | BA | Search | Missed Lead Recovery,restaurant_food,rf_rsa_b,HOLD_PRODUCT_MISMATCH,ad_group,,D02,"Leon builds the agreed flow in 10 business days after scope and access are ready.",,,,,,,Unpinned draft asset
rsa_description,DRAFT | BA | Search | Missed Lead Recovery,restaurant_food,rf_rsa_b,HOLD_PRODUCT_MISMATCH,ad_group,,D03,"See received, sent, replied and handed-off events in one basic log.",,,,,,,Unpinned draft asset
rsa_url,DRAFT | BA | Search | Missed Lead Recovery,restaurant_food,rf_rsa_b,HOLD_PRODUCT_MISMATCH,ad_group,,FINAL_URL,,https://leonbuilds.org/?utm_source=google&utm_medium=cpc&utm_campaign=ba-missed-lead-recovery-v1&utm_term=restaurant_food&utm_content=search-rf-rsa-b,google,cpc,ba-missed-lead-recovery-v1,restaurant_food,search-rf-rsa-b,No click-ID parameter; platform auto-tagging may append a genuine value later
conversion,DRAFT | BA | Search | Missed Lead Recovery,,conv_01,DISABLED,campaign,,1,won_client,,,,,,,Ultimate CRM or offline business outcome; import only after consent and reliable deduplication
conversion,DRAFT | BA | Search | Missed Lead Recovery,,conv_02,DISABLED,campaign,,2,qualified_call_held,,,,,,,Preferred quality optimization signal after the definition and upload process are stable
conversion,DRAFT | BA | Search | Missed Lead Recovery,,conv_03,DISABLED,campaign,,3,calendar_booking_success,,,,,,,Initial primary candidate; verify exactly one confirmed booking UID produces one conversion
conversion,DRAFT | BA | Search | Missed Lead Recovery,,conv_04,DISABLED,campaign,,4,quote_lead_accepted,,,,,,,Secondary lead action; do not count it as a booked or held call
conversion,DRAFT | BA | Search | Missed Lead Recovery,,conv_05,DISABLED,campaign,,5,cta_click_or_form_start,,,,,,,Diagnostic observation only; exclude from bidding goals
launch_check,DRAFT | BA | Search | Missed Lead Recovery,,check_01,DISABLED,campaign,,BLOCKER,Landing page and call path pass mobile and desktop checks,,,,,,,Confirm copy price boundaries forms calendar and no broken links
launch_check,DRAFT | BA | Search | Missed Lead Recovery,,check_02,DISABLED,campaign,,BLOCKER,Privacy and consent review complete,,,,,,,Make live disclosures accurate before adding advertising technology
launch_check,DRAFT | BA | Search | Missed Lead Recovery,,check_03,DISABLED,campaign,,BLOCKER,Booking conversion mapped and verified end to end,,,,,,,Use a synthetic authorized test and confirm one event per booking UID
launch_check,DRAFT | BA | Search | Missed Lead Recovery,,check_04,DISABLED,campaign,,BLOCKER,All five UTMs persist from landing page to confirmed booking,,,,,,,Verify source medium campaign term and content in the private acquisition record
launch_check,DRAFT | BA | Search | Missed Lead Recovery,,check_05,DISABLED,campaign,,BLOCKER,No click ID is manually populated,,,,,,,If approved later test only genuine values appended by platform auto-tagging
launch_check,DRAFT | BA | Search | Missed Lead Recovery,,check_06,DISABLED,campaign,,BLOCKER,Presence-only location option confirmed in live UI,,,,,,,Screenshot or peer-review the advanced location setting
launch_check,DRAFT | BA | Search | Missed Lead Recovery,,check_07,DISABLED,campaign,,BLOCKER,Nine Bay Area county targets verified,,,,,,,Do not silently expand to California or United States
launch_check,DRAFT | BA | Search | Missed Lead Recovery,,check_08,DISABLED,campaign,,BLOCKER,Google Search only confirmed,,,,,,,Display Network and Search Partners remain off for the controlled test
launch_check,DRAFT | BA | Search | Missed Lead Recovery,,check_09,DISABLED,campaign,,BLOCKER,Keyword and negative lists reviewed,,,,,,,Check conflicts plurals and niche separation before upload
launch_check,DRAFT | BA | Search | Missed Lead Recovery,,check_10,DISABLED,campaign,,BLOCKER,RSA copy and URLs pass validator and policy review,,,,,,,Preview combinations because assets may appear in different orders
launch_check,DRAFT | BA | Search | Missed Lead Recovery,,check_11,DISABLED,campaign,,BLOCKER,Economics inputs and owner stop rules completed,,,,,,,No fabricated benchmarks; use private real contribution economics
launch_check,DRAFT | BA | Search | Missed Lead Recovery,,check_12,DISABLED,campaign,,BLOCKER,Campaign-total budget type bid strategy dates and schedule verified,,,,,,,The $100 cap and 10-day duration are approved; bids exact dates schedule and launch are not
launch_check,DRAFT | BA | Search | Missed Lead Recovery,,check_13,DISABLED,campaign,,BLOCKER,Billing and account permissions reviewed by owner,,,,,,,This pack must not change billing
launch_check,DRAFT | BA | Search | Missed Lead Recovery,,check_14,DISABLED,campaign,,BLOCKER,Campaign and every child entity created paused,,,,,,,A second person confirms disabled state before any billing-capable action
launch_check,DRAFT | BA | Search | Missed Lead Recovery,,check_15,DISABLED,campaign,,POST_LAUNCH,Search terms and lead quality review owner assigned,,,,,,,Review actual terms and add negatives without waiting for vanity metrics
launch_check,DRAFT | BA | Search | Missed Lead Recovery,,check_16,DISABLED,campaign,,POST_LAUNCH,Qualified-call and won-client feedback loop assigned,,,,,,,Do not optimize from clicks or raw leads alone
