record_type,campaign,ad_set,variant_id,status,asset_path,objective,conversion_location,performance_goal,conversion_event,utm_source,utm_medium,utm_campaign,utm_term,utm_content,final_url,primary_text,headline,description,cta,instruction
campaign_setting,DRAFT | BA | Meta | Missed Lead Recovery,,draft_state,DISABLED,,Leads,Website,Maximize number of conversions,calendar_booking_success,,,,,,,DRAFT - DO NOT ENABLE,,,,Offline specification only; no live account action is authorized
campaign_setting,DRAFT | BA | Meta | Missed Lead Recovery,,budget,DISABLED,,Leads,Website,Maximize number of conversions,calendar_booking_success,,,,,,,0 USD — NO ALLOCATION IN FIRST 10-DAY TEST,,,,The full $100 paid-media cap is allocated to Google Search; do not fund or enable this Meta draft
campaign_setting,DRAFT | BA | Meta | Missed Lead Recovery,,bid_or_cost_goal,DISABLED,,Leads,Website,Maximize number of conversions,calendar_booking_success,,,,,,,UNSET,,,,Choose only after verified event delivery and approved economics
campaign_setting,DRAFT | BA | Meta | Missed Lead Recovery,,schedule,DISABLED,,Leads,Website,Maximize number of conversions,calendar_booking_success,,,,,,,NOT SCHEDULED,,,,The first 10-day test gives Meta no allocation and no launch authorization
campaign_setting,DRAFT | BA | Meta | Missed Lead Recovery,,location_control,DISABLED,,Leads,Website,Maximize number of conversions,calendar_booking_success,,,,,,,Nine Bay Area counties only,,,,Use location as a strict control; verify Alameda Contra Costa Marin Napa San Francisco San Mateo Santa Clara Solano and Sonoma
campaign_setting,DRAFT | BA | Meta | Missed Lead Recovery,,age_control,DISABLED,,Leads,Website,Maximize number of conversions,calendar_booking_success,,,,,,,18+,,,,No age inference beyond adult business audiences
campaign_setting,DRAFT | BA | Meta | Missed Lead Recovery,,language,DISABLED,,Leads,Website,Maximize number of conversions,calendar_booking_success,,,,,,,English,,,,Add another language only with reviewed matching ad and landing experience
campaign_setting,DRAFT | BA | Meta | Missed Lead Recovery,,placements,DISABLED,,Leads,Website,Maximize number of conversions,calendar_booking_success,,,,,,,REVIEW REQUIRED,,,,Preview every placement; use Advantage+ placements only when the 4:5 asset remains accurate and legible
campaign_setting,DRAFT | BA | Meta | Missed Lead Recovery,,audience,DISABLED,,Leads,Website,Maximize number of conversions,calendar_booking_success,,,,,,,Broad within strict location control; niche inputs are suggestions only,,,,Do not claim platform interests identify business owners reliably
campaign_setting,DRAFT | BA | Meta | Missed Lead Recovery,,exclusions,DISABLED,,Leads,Website,Maximize number of conversions,calendar_booking_success,,,,,,,UNSET,,,,Later exclude confirmed bookings current clients and opted-out records only with lawful permission and reliable matching
campaign_setting,DRAFT | BA | Meta | Missed Lead Recovery,,tracking,DISABLED,,Leads,Website,Maximize number of conversions,calendar_booking_success,,,,,,,NOT INSTALLED OR AUTHORIZED BY THIS PACK,,,,Pixel CAPI or offline events require separate privacy legal and implementation review
creative,DRAFT | BA | Meta | Missed Lead Recovery,home_services,meta_hs_ad01,DISABLED,assets/social/ad_01_contractor_after_hours.png,Leads,Website,Maximize number of conversions,calendar_booking_success,meta,paid_social,ba-missed-lead-recovery-v1,home_services,meta-hs-ad01-after-hours,https://leonbuilds.org/missed-lead-recovery?utm_source=meta&utm_medium=paid_social&utm_campaign=ba-missed-lead-recovery-v1&utm_term=home_services&utm_content=meta-hs-ad01-after-hours,"A quote request arrives while you are on a job. The sprint connects one existing inquiry source to prompt acknowledgment, up to two follow-ups and an owner handoff. Bay Area fit check; written quote first.",Map One Missed-Lead Handoff,"Starting scope from $1,500 after compatibility check.",Book Now,Asset and copy are a hypothesis; no lead booking or revenue promise
creative,DRAFT | BA | Meta | Missed Lead Recovery,home_services,meta_hs_ad02,DISABLED,assets/social/ad_02_contractor_flow.png,Leads,Website,Maximize number of conversions,calendar_booking_success,meta,paid_social,ba-missed-lead-recovery-v1,home_services,meta-hs-ad02-flow,https://leonbuilds.org/missed-lead-recovery?utm_source=meta&utm_medium=paid_social&utm_campaign=ba-missed-lead-recovery-v1&utm_term=home_services&utm_content=meta-hs-ad02-flow,"Phone tag is not a visible follow-up process. Leon can connect one existing form, compatible missed-call event or shared inbox to an acknowledgment and clear owner handoff.",See The Inquiry Handoff,"Fixed scope and written quote before work starts.",Book Now,Do not imply the compatible missed-call event exists until compatibility is checked
creative,DRAFT | BA | Meta | Missed Lead Recovery,auto_repair,meta_ar_ad03,DISABLED,assets/social/ad_03_auto_estimates.png,Leads,Website,Maximize number of conversions,calendar_booking_success,meta,paid_social,ba-missed-lead-recovery-v1,auto_repair,meta-ar-ad03-estimates,https://leonbuilds.org/missed-lead-recovery?utm_source=meta&utm_medium=paid_social&utm_campaign=ba-missed-lead-recovery-v1&utm_term=auto_repair&utm_content=meta-ar-ad03-estimates,"During a shop rush, a new-service or callback request can sit without a clear owner. Map one inquiry source to acknowledgment, follow-up and an advisor handoff.",A Clear Auto-Shop Handoff,"Bay Area fit check; written fixed quote first.",Book Now,Repair-status calls and live call answering remain outside this offer
creative,DRAFT | BA | Meta | Missed Lead Recovery,restaurant_food,meta_rf_ad04,HOLD_MESSAGE_MISMATCH,assets/social/ad_04_restaurant_direct.png,Leads,Website,Maximize number of conversions,calendar_booking_success,meta,paid_social,ba-missed-lead-recovery-v1,restaurant_food,meta-rf-ad04-direct-order-hold,https://leonbuilds.org/missed-lead-recovery?utm_source=meta&utm_medium=paid_social&utm_campaign=ba-missed-lead-recovery-v1&utm_term=restaurant_food&utm_content=meta-rf-ad04-direct-order-hold,"HOLD: this card promotes direct ordering while the current sprint covers catering or private-event inquiry follow-up. It is not eligible for this landing page.",Hold — Landing Mismatch,Do not publish this variant.,Learn More,Requires a separately reviewed matching offer and landing page before it could become eligible
creative,DRAFT | BA | Meta | Missed Lead Recovery,auto_repair,meta_ar_ad05,DISABLED,assets/social/ad_05_founder_direct.png,Leads,Website,Maximize number of conversions,calendar_booking_success,meta,paid_social,ba-missed-lead-recovery-v1,auto_repair,meta-ar-ad05-founder,https://leonbuilds.org/missed-lead-recovery?utm_source=meta&utm_medium=paid_social&utm_campaign=ba-missed-lead-recovery-v1&utm_term=auto_repair&utm_content=meta-ar-ad05-founder,"Work directly with the developer mapping the inquiry, follow-up and advisor handoff. One written scope, one existing inbound source and a compatibility check come first.",Built Directly By Leon,"Ten-business-day window after scope and access are ready.",Book Now,Founder-direct reassurance; not a testimonial or result claim
creative,DRAFT | BA | Meta | Missed Lead Recovery,restaurant_food,meta_rf_ad06,DISABLED,assets/social/ad_06_lead_leak_review.png,Leads,Website,Maximize number of conversions,calendar_booking_success,meta,paid_social,ba-missed-lead-recovery-v1,restaurant_food,meta-rf-ad06-leak-review,https://leonbuilds.org/missed-lead-recovery?utm_source=meta&utm_medium=paid_social&utm_campaign=ba-missed-lead-recovery-v1&utm_term=restaurant_food&utm_content=meta-rf-ad06-leak-review,"Bring one catering or private-event inquiry path that is easy to miss. The first 15-minute call checks fit and the smallest sensible next step; it is not a promise of more events.",Review One Inquiry Leak,"For Bay Area restaurant teams; fixed quote first.",Book Now,Keep routine reservations and direct ordering outside this ad
qualification,DRAFT | BA | Meta | Missed Lead Recovery,,qual_01,DISABLED,,Leads,Website,Maximize number of conversions,calendar_booking_success,,,,,,,Existing inbound source confirmed,,,,The fit check should identify one form compatible missed-call event or shared inbox already receiving inquiries
qualification,DRAFT | BA | Meta | Missed Lead Recovery,,qual_02,DISABLED,,Leads,Website,Maximize number of conversions,calendar_booking_success,,,,,,,Bay Area business location confirmed,,,,Ask for city or county without putting it in a URL or repository file
qualification,DRAFT | BA | Meta | Missed Lead Recovery,,qual_03,DISABLED,,Leads,Website,Maximize number of conversions,calendar_booking_success,,,,,,,Niche and inquiry type confirmed,,,,Home-service estimate auto-service callback or restaurant catering/private-event inquiry only
qualification,DRAFT | BA | Meta | Missed Lead Recovery,,qual_04,DISABLED,,Leads,Website,Maximize number of conversions,calendar_booking_success,,,,,,,Handoff owner identified,,,,A person must own replies decisions and vendor approvals
qualification,DRAFT | BA | Meta | Missed Lead Recovery,,qual_05,DISABLED,,Leads,Website,Maximize number of conversions,calendar_booking_success,,,,,,,Offer boundary acknowledged,,,,Not ad management lead buying call-center service a CRM replacement or a revenue guarantee
qualification,DRAFT | BA | Meta | Missed Lead Recovery,,qual_06,DISABLED,,Leads,Website,Maximize number of conversions,calendar_booking_success,,,,,,,Quality outcome recorded privately,,,,Progress confirmed booking to held qualified call proposal and won or lost outcome
retarget_gate,DRAFT | BA | Meta | Missed Lead Recovery,retargeting,gate_01,DISABLED,,Leads,Website,Maximize number of conversions,calendar_booking_success,,,,,,,Privacy disclosure and consent gate,,,,Live disclosure consent handling retention purpose and deletion process are reviewed and accurate
retarget_gate,DRAFT | BA | Meta | Missed Lead Recovery,retargeting,gate_02,DISABLED,,Leads,Website,Maximize number of conversions,calendar_booking_success,,,,,,,Measurement gate,,,,Pixel or CAPI is separately authorized and booking event deduplication is verified in the live account
retarget_gate,DRAFT | BA | Meta | Missed Lead Recovery,retargeting,gate_03,DISABLED,,Leads,Website,Maximize number of conversions,calendar_booking_success,,,,,,,Audience availability gate — numeric threshold unset,,,,Meta reports the consented website audience as available with enough eligible activity for delivery
retarget_gate,DRAFT | BA | Meta | Missed Lead Recovery,retargeting,gate_04,DISABLED,,Leads,Website,Maximize number of conversions,calendar_booking_success,,,,,,,Retention and exclusion gate — windows unset,,,,Owner approves window and excludes bookings clients employees tests and opted-out records where lawful
retarget_gate,DRAFT | BA | Meta | Missed Lead Recovery,retargeting,gate_05,DISABLED,,Leads,Website,Maximize number of conversions,calendar_booking_success,,,,,,,Creative gate,,,,Use proof or process clarification; do not repeat an unsupported urgency or outcome claim
launch_check,DRAFT | BA | Meta | Missed Lead Recovery,,check_01,DISABLED,,Leads,Website,Maximize number of conversions,calendar_booking_success,,,,,,,Landing and booking path verified,,,,Test mobile desktop CTA calendar and the offer boundaries
launch_check,DRAFT | BA | Meta | Missed Lead Recovery,,check_02,DISABLED,,Leads,Website,Maximize number of conversions,calendar_booking_success,,,,,,,Privacy and Meta Business Tools review complete,,,,Do not install tracking based on this document alone
launch_check,DRAFT | BA | Meta | Missed Lead Recovery,,check_03,DISABLED,,Leads,Website,Maximize number of conversions,calendar_booking_success,,,,,,,One confirmed booking produces one verified conversion,,,,Test deduplication and cancellation handling with authorized synthetic data
launch_check,DRAFT | BA | Meta | Missed Lead Recovery,,check_04,DISABLED,,Leads,Website,Maximize number of conversions,calendar_booking_success,,,,,,,All five UTMs persist to the private acquisition record,,,,Do not manually add fbclid or another click identifier
launch_check,DRAFT | BA | Meta | Missed Lead Recovery,,check_05,DISABLED,,Leads,Website,Maximize number of conversions,calendar_booking_success,,,,,,,Location control and exclusions peer-reviewed,,,,Do not silently expand outside the Bay Area target
launch_check,DRAFT | BA | Meta | Missed Lead Recovery,,check_06,DISABLED,,Leads,Website,Maximize number of conversions,calendar_booking_success,,,,,,,Every placement preview reviewed,,,,The 1080x1350 image and text must remain accurate and legible
launch_check,DRAFT | BA | Meta | Missed Lead Recovery,,check_07,DISABLED,,Leads,Website,Maximize number of conversions,calendar_booking_success,,,,,,,Restaurant direct-order variant remains held,,,,Its message does not match the current landing-page scope
launch_check,DRAFT | BA | Meta | Missed Lead Recovery,,check_08,DISABLED,,Leads,Website,Maximize number of conversions,calendar_booking_success,,,,,,,Qualification and CRM feedback owner assigned,,,,Raw leads are not treated as qualified outcomes
launch_check,DRAFT | BA | Meta | Missed Lead Recovery,,check_09,DISABLED,,Leads,Website,Maximize number of conversions,calendar_booking_success,,,,,,,Economics inputs and owner stop rules completed,,,,No fabricated benchmark or budget may be inferred
launch_check,DRAFT | BA | Meta | Missed Lead Recovery,,check_10,DISABLED,,Leads,Website,Maximize number of conversions,calendar_booking_success,,,,,,,First-test allocation remains $0 and billing stays unauthorized,,,,Do not create fund schedule or enable this Meta draft during the Google-only test
launch_check,DRAFT | BA | Meta | Missed Lead Recovery,,check_11,DISABLED,,Leads,Website,Maximize number of conversions,calendar_booking_success,,,,,,,Campaign and every eligible ad created paused,,,,A second person confirms disabled state before any billing-capable action
launch_check,DRAFT | BA | Meta | Missed Lead Recovery,,check_12,DISABLED,,Leads,Website,Maximize number of conversions,calendar_booking_success,,,,,,,Retargeting remains off until every gate passes,,,,No arbitrary traffic count overrides privacy event quality or audience availability
