group_id,group_name,group_url,activity_status,last_checked,evidence_url,notes
569363908759011,ANUNCIOS CLASSIFICADOS BRASILEIROS EM SAN FRANCISCO BAY AREA CALIFORNIA,https://www.facebook.com/groups/569363908759011/,activity_found,2026-08-22,https://www.facebook.com/me/allactivity/?category_key=GROUPPOSTS,"Has publication-ledger records"
607264419291542,Empreendedores Brasileiros dos EUA,https://www.facebook.com/groups/607264419291542/,activity_found,2026-08-22,https://www.facebook.com/me/allactivity/?category_key=GROUPPOSTS,"Has a publication-ledger record"
1321298031868779,湾区华人群,https://www.facebook.com/groups/1321298031868779/,activity_found,2026-08-22,https://www.facebook.com/me/allactivity/?category_key=GROUPPOSTS,"Has a publication-ledger record"
701793673266894,湾区生活资讯,https://www.facebook.com/groups/701793673266894/,activity_found,2026-08-22,https://www.facebook.com/me/allactivity/?category_key=GROUPPOSTS,"Has a publication-ledger record"
486714909111555,"Brasileiros Na Bay-Area (apenas residentes da Bay Area )",https://www.facebook.com/groups/486714909111555/,activity_found,2026-08-22,https://www.facebook.com/me/allactivity/?category_key=GROUPPOSTS,"Has a publication-ledger record"
429864996288954,"Hayward, CA community",https://www.facebook.com/groups/429864996288954/,activity_found,2026-08-22,https://www.facebook.com/me/allactivity/?category_key=GROUPPOSTS,"Has a publication-ledger record"
1612919125666281,Hayward Market Place,https://www.facebook.com/groups/1612919125666281/,activity_found,2026-08-22,https://www.facebook.com/me/allactivity/?category_key=GROUPPOSTS,"Has a publication-ledger record"
1208142776512766,Cheap Cars for sale Under $10000,https://www.facebook.com/groups/1208142776512766/,no_activity_found,2026-08-22,https://www.facebook.com/me/allactivity/?category_key=GROUPPOSTS,"No group-post activity found in the activity-log sweep"
909916669126338,🇧🇷 Brasileiros em San Francisco e Bay Area 🇧🇷,https://www.facebook.com/groups/909916669126338/,activity_found,2026-08-22,https://www.facebook.com/me/allactivity/?category_key=GROUPPOSTS,"Has a publication-ledger record"
268701551910212,AUDI A4 B9,https://www.facebook.com/groups/268701551910212/,no_activity_found,2026-08-22,https://www.facebook.com/me/allactivity/?category_key=GROUPPOSTS,"No group-post activity found in the activity-log sweep"
694880804827885,美国华人圈,https://www.facebook.com/groups/694880804827885/,activity_found,2026-08-22,https://www.facebook.com/me/allactivity/?category_key=GROUPPOSTS,"Has a publication-ledger record"
2003953059891732,"Fragrance Swaps, Trades, & Sales",https://www.facebook.com/groups/2003953059891732/,no_activity_found,2026-08-22,https://www.facebook.com/me/allactivity/?category_key=GROUPPOSTS,"No group-post activity found in the activity-log sweep"
2991066994543940,巴西🇧🇷华人交流群,https://www.facebook.com/groups/2991066994543940/,activity_found,2026-08-22,https://www.facebook.com/me/allactivity/?category_key=GROUPPOSTS,"Has a publication-ledger record"
3175005609454078,巴西华人群|Overseas Chinese In Brazil,https://www.facebook.com/groups/3175005609454078/,activity_found,2026-08-22,https://www.facebook.com/me/allactivity/?category_key=GROUPPOSTS,"Has a publication-ledger record"
mybrazil,巴西华人,https://www.facebook.com/groups/mybrazil/,activity_found,2026-08-22,https://www.facebook.com/me/allactivity/?category_key=GROUPPOSTS,"Has a publication-ledger record"
capeople,加州华人(美国)🌹移民留学 旅游签证 租房买房 地产经纪 买车卖车 车行保险 电脑手机 法律咨询 招聘求职 医疗保健 个人报税 生意广告,https://www.facebook.com/groups/capeople/,activity_found,2026-08-22,https://www.facebook.com/me/allactivity/?category_key=GROUPPOSTS,"Has a publication-ledger record"
655569307881461,"美国洛杉矶广告群-海外华人产品广告 SmallBusiness中小企业、本地商家",https://www.facebook.com/groups/655569307881461/,activity_found,2026-08-22,https://www.facebook.com/me/allactivity/?category_key=GROUPPOSTS,"Has a publication-ledger record"
americanchinese,美国华人群,https://www.facebook.com/groups/americanchinese/,activity_found,2026-08-22,https://www.facebook.com/me/allactivity/?category_key=GROUPPOSTS,"Has publication-ledger records"
a8888888,洛杉矶华人交流群,https://www.facebook.com/groups/a8888888/,activity_found,2026-08-22,https://www.facebook.com/me/allactivity/?category_key=GROUPPOSTS,"Has a publication-ledger record"
braziliancommunity,Comunidade Brasileira nos EUA,https://www.facebook.com/groups/braziliancommunity/,activity_found,2026-08-22,https://www.facebook.com/me/allactivity/?category_key=GROUPPOSTS,"Has a publication-ledger record"
1601239613462240,Profissionais Brasileiros nos EUA,https://www.facebook.com/groups/1601239613462240/,activity_found,2026-08-22,https://www.facebook.com/me/allactivity/?category_key=GROUPPOSTS,"Has a publication-ledger record"
411819142283501,Empresas Brasileiras nos Estados Unidos,https://www.facebook.com/groups/411819142283501/,activity_found,2026-08-22,https://www.facebook.com/me/allactivity/?category_key=GROUPPOSTS,"Has a publication-ledger record"
1618109312362459,Brasileiros Nos EUA,https://www.facebook.com/groups/1618109312362459/,activity_found,2026-08-22,https://www.facebook.com/me/allactivity/?category_key=GROUPPOSTS,"Has a publication-ledger record"
505022996530058,湾区租房二手万能总群/灣區租房二手萬能總群,https://www.facebook.com/groups/505022996530058/,no_activity_found,2026-08-22,https://www.facebook.com/me/allactivity/?category_key=GROUPPOSTS,"No group-post activity found in the activity-log sweep"
300174163759705,CONECTADO! Brasileiros na Califórnia,https://www.facebook.com/groups/300174163759705/,no_activity_found,2026-08-22,https://www.facebook.com/me/allactivity/?category_key=GROUPPOSTS,"No group-post activity found in the activity-log sweep"
HaywardCaHub,Castro Valley Hayward San Leandro & San Lorenzo COMMUNITY HUB,https://www.facebook.com/groups/HaywardCaHub/,activity_found,2026-08-22,https://www.facebook.com/me/allactivity/?category_key=GROUPPOSTS,"Activity record exists; current post object is unavailable"
castrovalley.hayward.sanleandro,"Castro Valley, Hayward and San Leandro Together",https://www.facebook.com/groups/castrovalley.hayward.sanleandro/,no_activity_found,2026-08-22,https://www.facebook.com/me/allactivity/?category_key=GROUPPOSTS,"No group-post activity found in the activity-log sweep"
1393244210983683,Hayward ca,https://www.facebook.com/groups/1393244210983683/,no_activity_found,2026-08-22,https://www.facebook.com/me/allactivity/?category_key=GROUPPOSTS,"No group-post activity found in the activity-log sweep"
SouthBayVWAudi,South Bay / Silicon Valley VW & Audi Group,https://www.facebook.com/groups/SouthBayVWAudi/,no_activity_found,2026-08-22,https://www.facebook.com/me/allactivity/?category_key=GROUPPOSTS,"No group-post activity found in the activity-log sweep"
AudietronGT,Audi e-tron® GT Owners Group,https://www.facebook.com/groups/AudietronGT/,no_activity_found,2026-08-22,https://www.facebook.com/me/allactivity/?category_key=GROUPPOSTS,"No group-post activity found in the activity-log sweep"
audigruppesv,Audi Gruppe Silicon Valley,https://www.facebook.com/groups/audigruppesv/,no_activity_found,2026-08-22,https://www.facebook.com/me/allactivity/?category_key=GROUPPOSTS,"No group-post activity found in the activity-log sweep"
WaCarMeets,Washington Car Meets,https://www.facebook.com/groups/WaCarMeets/,no_activity_found,2026-08-22,https://www.facebook.com/me/allactivity/?category_key=GROUPPOSTS,"No group-post activity found in the activity-log sweep"
719041732405732,Venda de Roupas Femininas,https://www.facebook.com/groups/719041732405732/,no_activity_found,2026-08-22,https://www.facebook.com/me/allactivity/?category_key=GROUPPOSTS,"No group-post activity found in the activity-log sweep"
763058333736965,Gringos Buy & Sell Sao Paulo,https://www.facebook.com/groups/763058333736965/,no_activity_found,2026-08-22,https://www.facebook.com/me/allactivity/?category_key=GROUPPOSTS,"No group-post activity found in the activity-log sweep"
carsandcoffeeseattle,Seattle Cars & Coffee,https://www.facebook.com/groups/carsandcoffeeseattle/,no_activity_found,2026-08-22,https://www.facebook.com/me/allactivity/?category_key=GROUPPOSTS,"No group-post activity found in the activity-log sweep"
272419267281188,"NO TITLE CARS, VEHICLES, ATVS, BIKES, UTVS",https://www.facebook.com/groups/272419267281188/,no_activity_found,2026-08-22,https://www.facebook.com/me/allactivity/?category_key=GROUPPOSTS,"No group-post activity found in the activity-log sweep"
123598531664820,YOU PARK LIKE A FUCKHEAD (Post them here),https://www.facebook.com/groups/123598531664820/,no_activity_found,2026-08-22,https://www.facebook.com/me/allactivity/?category_key=GROUPPOSTS,"No group-post activity found in the activity-log sweep"
2736902733264775,Idiots of FB Marketplace,https://www.facebook.com/groups/2736902733264775/,no_activity_found,2026-08-22,https://www.facebook.com/me/allactivity/?category_key=GROUPPOSTS,"No group-post activity found in the activity-log sweep"
532947790777571,Washington carmeet Events,https://www.facebook.com/groups/532947790777571/,no_activity_found,2026-08-22,https://www.facebook.com/me/allactivity/?category_key=GROUPPOSTS,"No group-post activity found in the activity-log sweep"
kdmforsale,KDM For Sale,https://www.facebook.com/groups/kdmforsale/,no_activity_found,2026-08-22,https://www.facebook.com/me/allactivity/?category_key=GROUPPOSTS,"No group-post activity found in the activity-log sweep"
191470414300442,GREEN RIVER COLLEGE FOR SALE,https://www.facebook.com/groups/191470414300442/,no_activity_found,2026-08-22,https://www.facebook.com/me/allactivity/?category_key=GROUPPOSTS,"No group-post activity found in the activity-log sweep"
902226433237393,Kia Optima Brasil,https://www.facebook.com/groups/902226433237393/,no_activity_found,2026-08-22,https://www.facebook.com/me/allactivity/?category_key=GROUPPOSTS,"No group-post activity found in the activity-log sweep"
rideshares,RIDESHARE,https://www.facebook.com/groups/rideshares/,no_activity_found,2026-08-22,https://www.facebook.com/me/allactivity/?category_key=GROUPPOSTS,"No group-post activity found in the activity-log sweep"
pnwrideshare,PNW Carpool and Rideshare (Not for Profit!),https://www.facebook.com/groups/pnwrideshare/,no_activity_found,2026-08-22,https://www.facebook.com/me/allactivity/?category_key=GROUPPOSTS,"No group-post activity found in the activity-log sweep"
KOK5O,Kia Optima K5 Owners,https://www.facebook.com/groups/KOK5O/,no_activity_found,2026-08-22,https://www.facebook.com/me/allactivity/?category_key=GROUPPOSTS,"No group-post activity found in the activity-log sweep"
783597935362806,KIA OPTIMA USA,https://www.facebook.com/groups/783597935362806/,no_activity_found,2026-08-22,https://www.facebook.com/me/allactivity/?category_key=GROUPPOSTS,"No group-post activity found in the activity-log sweep"
101819737073912,Kia Optima SXL Turbo,https://www.facebook.com/groups/101819737073912/,no_activity_found,2026-08-22,https://www.facebook.com/me/allactivity/?category_key=GROUPPOSTS,"No group-post activity found in the activity-log sweep"
1049274935144157,Seattle WA Used Cars and Auto Parts for Sale (Buy / Sell / Trade),https://www.facebook.com/groups/1049274935144157/,no_activity_found,2026-08-22,https://www.facebook.com/me/allactivity/?category_key=GROUPPOSTS,"No group-post activity found in the activity-log sweep"
ustaxz,美國稅務,https://www.facebook.com/groups/ustaxz/,no_activity_found,2026-08-22,https://www.facebook.com/me/allactivity/?category_key=GROUPPOSTS,"No group-post activity found in the activity-log sweep"
965713113542576,Curso Fundamentos de Ethical Hacking - Marcos Flávio Araújo Assunção,https://www.facebook.com/groups/965713113542576/,no_activity_found,2026-08-22,https://www.facebook.com/me/allactivity/?category_key=GROUPPOSTS,"No group-post activity found in the activity-log sweep"
canalplayhard,Canal PlayHard,https://www.facebook.com/groups/canalplayhard/,no_activity_found,2026-08-22,https://www.facebook.com/me/allactivity/?category_key=GROUPPOSTS,"No group-post activity found in the activity-log sweep"
